URL,STATUS
ï»¿testukldp.thecrimsontint.com,Bad
216.21.237.200,Good
rramer121212a.wdc,Bad
adTLprodvip00.com,Bad
howardsmithelectricalservices.co.uk,Good
testukldp.myregisteredsite.com,Good
alb-domestics.co.uk,Good
dmillerplumbingandheating.co.uk,Good
wirralgaragedoors.co.uk,Good
ridgewaystoves.co.uk,Good
minimiracles.co.uk,Good
paintworxautobodies.co.uk,Good
torbayplastering.co.uk,Good
baker-roofing.co.uk,Good
thesilverwinggarage.co.uk,Good
a2bremovalsandstorage.com,Good
adcateringhire.com,Good
richiescarpetswirral.co.uk,Good
johnsmithsstalbanstvrepairs.co.uk,Good
sovereigngasltd.co.uk,Good
fencing-cheshire.com,Good
advancedquality.co.uk,Good
chrisbalaamplumbingnewport.co.uk,Good
carpetriteltd.co.uk,Good
ukblindsbham.co.uk,Good
blockeddraininbrentwood.co.uk,Good
blockeddraininchelmsford.co.uk,Good
blockeddraininhertford.co.uk,Good
bedfordshireautoelectrics.co.uk,Good
ian-qualitypainteranddecorator.co.uk,Good
oakingtonmanorhalls.co.uk,Good
aladdingarage.co.uk,Good
jpautosgarageservices.co.uk,Good
dragontek.co.uk,Good
adcplans.co.uk,Good
andrewsofoxford.com,Good
michaeltcwongdentist.co.uk,Good
aashtongarth.co.uk,Good
arrowheadhire.co.uk,Good
pdnoakedecorators.co.uk,Good
roofscapenwltd.co.uk,Good
trimdogsgroomingsalon.co.uk,Good
ipsbournemouth.co.uk,Good
windowtechservicesltd.co.uk,Good
finchgardenandgrounds.co.uk,Good
eandrewbuilderspalding.co.uk,Good
cynondampproofingsouthwales.co.uk,Good
martinsofholbeach.co.uk,Good
ashfordchimneyservices.co.uk,Good
admiralcarpets.co.uk,Good
hollysgardenservices.co.uk,Good
perfectplumbingwatford.co.uk,Good
kkbuildersandroofing.co.uk,Bad
millarpartnership.co.uk,Good
paulpeterselectrical.com,Good
wp-oxford.com,Good
plumbersstockport.info,Good
theplantique.com,Good
ormskirkskips.co.uk,Good
footstepsflooring.co.uk,Good
richardbrindleandson.co.uk,Good
ewilliamsandcompany.com,Good
garagedoorsmaidenhead.co.uk,Good
sovereignmotorcentre.com,Good
awoodhallbuilding.co.uk,Good
jclelectricalservices.co.uk,Good
westmidlandwashingmachines.co.uk,Good
hardendentalsurgery.co.uk,Good
premierclutchfareham.co.uk,Good
atozeelockandkey.co.uk,Good
ellamlandsurveys.com,Good
wikiwater.co.uk,Good
candslandscapes.co.uk,Good
rogerdavisexteriorpainting.co.uk,Good
drainserv.co.uk,Good
pestdead.co.uk,Good
warringtonelectricalsupplies.com,Good
elliottskiphire.co.uk,Good
cannockwoodscaffolding.co.uk,Good
fastrecoveryservice.co.uk,Good
pandllawnmowerservices.com,Good
miglondon.co.uk,Good
asmithandsons.co.uk,Good
whiterose-plumbing.co.uk,Good
ianwadlandroofing.co.uk,Good
homecountiesmirrors.co.uk,Good
limdentalpractice.co.uk,Good
asduk.co.uk,Good
mkgearboxcentre.co.uk,Good
lush-electrics.co.uk,Good
ejblinds.co.uk,Good
bloxwichradiotaxis.co.uk,Good
runlec.co.uk,Good
dawngreymaternity.co.uk,Good
centralgardening.co.uk,Good
taxisnottingham.net,Good
croydondentistlondonroad.co.uk,Good
thetyreshoplondon.co.uk,Good
safetech-safes.co.uk,Good
garagedoorsbucksandberks.co.uk,Bad
allcleanandtidy.com,Good
expressroofingayrshire.co.uk,Good
cherrytreenurseryandpreschool.co.uk,Good
birchfieldfencingltd.co.uk,Good
kandkscrapportsmouth.co.uk,Good
ellisontollbar.co.uk,Good
londonmasonryservices.co.uk,Good
rooferstockport.org.uk,Good
razorbodywork.co.uk,Good
davidcoxmusic.org.uk,Good
mainswayskiphire.co.uk,Good
allworksrefurbs.com,Good
patriciacrawford.co.uk,Good
murtecicd.com,Good
firstaid-services.co.uk,Good
carteraerialsleightonbuzzard.co.uk,Good
rubylouuk.co.uk,Good
knightsbridgecare.co.uk,Good
water-tech.net,Good
rj-harris.co.uk,Good
bobbys24hrboardups.co.uk,Good
thevictorianironmonger.com,Good
topranksecurity.com,Good
capssecurityltd.co.uk,Good
mandsplumbingnottingham.co.uk,Good
southwestdecors.com,Good
beechfieldtree-services.co.uk,Good
molyneuxtreesurgeons.co.uk,Good
fairtradevending.org,Good
donnajonesadi.co.uk,Good
grayandsonsfalkirk.co.uk,Good
clubhotelpalmbeach.com,Good
wharfedalefurniture.com,Good
philipnickson.com,Good
boilerssouthlondon.co.uk,Good
spacleanworcs.co.uk,Good
grangeroofingsunderland.co.uk,Good
rusthall-dental.co.uk,Good
vulcanshot-blasting.com,Good
jwbuildersstirling.co.uk,Good
cw-skips.co.uk,Good
fancy-me.info,Good
franchemotoringcentre.co.uk,Good
dampproofingeastsussex.co.uk,Good
motherofthebridehertfordshire.co.uk,Good
pandpdriveways.co.uk,Good
nannymsmobilityscooters.com,Good
thomasholleyandson.co.uk,Good
fairwaydecoratingliverpool.com,Good
manfordmotors.co.uk,Good
boilersworthing.co.uk,Good
claimsdentaluk.com,Good
rogerscurtains.com,Good
aceremovalserviceslewisham.co.uk,Good
jphardy.co.uk,Good
jet-rod.biz,Bad
inldqaticks635428989646449231.org,Bad
inldqaticks635428991430901296.org,Bad
pitstopbrizenorton.co.uk,Good
inldqaticks635434430434028702.org,Bad
vetsbeckenhamedenpark.co.uk,Good
electra-pop.com,Good
hamilton-vision-service.com,Good
aclassservicing.co.uk,Good
sheppertonbodyworksltd.com,Good
ashwood-construction.co.uk,Good
bgsplumbingandheating.com,Good
auto-repairsandrecovery.co.uk,Good
kenwardmotorsltd.co.uk,Bad
chaseblockmanagement.co.uk,Good
lrbrookschimneysweeps.co.uk,Good
rsaerials.co.uk,Bad
lawncarespecialists.co.uk,Bad
clockworkaccountancy.co.uk,Good
milesvehicledeliveries.co.uk,Good
dwengerroofingexeter.co.uk,Good
internationalwindows.co.uk,Good
musiclessonswimbledon.co.uk,Good
acemotcentremaidstone.co.uk,Good
wefixnecar.com,Good
bmfpaints.co.uk,Good
dereks-airconditioning.co.uk,Good
jarikstaffs.info,Good
myschoolartproject.co.uk,Bad
theroofingcouk.co.uk,Good
maxfabltd.com,Good
advancedportableroadways.co.uk,Good
sparklestreatments.co.uk,Good
donthireaskip.co.uk,Good
paintersstoke.co.uk,Good
fionalongtattoo.co.uk,Good
rhodesroofing.com,Good
wkroofingcoventry.co.uk,Good
skateattackukltd.co.uk,Good
professionalcarpetcleaningcardiff.co.uk,Good
sterlingelectricalcontractors.co.uk,Good
skippysskipservices.co.uk,Good
solicitorsworsley.co.uk,Good
fasciasandsoffitsbexley.co.uk,Good
storagesalisbury.co.uk,Good
glassfittingpottersbar.co.uk,Good
garagedoorsinsouthend.co.uk,Good
roofinsuffolk.co.uk,Good
baileyairconditioning.co.uk,Good
doubleglazingrepairsbucks.co.uk,Good
kitchenwarehouseltd.co.uk,Bad
blaenavonmots.co.uk,Bad
gadgetrepair.org,Good
rh-battyplastering.co.uk,Good
avonmouthautoelectrical.co.uk,Good
eighteenpluscard.com,Bad
garagedoorsbucksberksoxford.co.uk,Bad
craftedstoneni.com,Good
quickskipsbromley.co.uk,Good
teziratrust.co.uk,Good
allthingsniceessex.co.uk,Good
leatherrepairwales.co.uk,Good
allhoursdrainsportsmouth.co.uk,Good
fmorrisappliancerepair.co.uk,Good
scenicwindows.co.uk,Good
widenelectronics.com,Good
nigelgardnerandsons.co.uk,Good
myhealthshopdirect.com,Good
rainbowsecuritysolutions.co.uk,Good
maccleangreenock.co.uk,Good
keithperrycharteredsurveyors.com,Good
joeallenmastertailor.com,Bad
cdroofingincrawley.co.uk,Good
byhurstbuilderskent.co.uk,Good
kirtekelectriciancrawley.co.uk,Good
treesurgeonburton.co.uk,Good
kaportraitsnewcastlestaffs.co.uk,Good
acworthfencing.co.uk,Good
putneydrainage.com,Good
rjsurveyorsltdstockport.co.uk,Good
carscraplondonn18.co.uk,Bad
sinclairshairdressing.co.uk,Good
aamobilityairdrie.co.uk,Good
colin-taub.co.uk,Good
canterbury-blinds.co.uk,Good
skipsinstourbridge.co.uk,Good
jsturtonroofingandbuilding.co.uk,Good
harding-electrical.co.uk,Good
animalhealercommunicator.co.uk,Good
xcellmisting.co.uk,Good
robinbrammar.co.uk,Good
swadlincoteroofing.co.uk,Good
progressivechemicals.co.uk,Good
melthamslighthaulage.co.uk,Good
maddfordance.co.uk,Good
davemobiledj.co.uk,Good
lkhouseandgardenclearance.co.uk,Good
clementsjonesltd.co.uk,Good
buffnscuffs.co.uk,Good
alltypevalves.com,Good
johnlesterfencinglandscaping.co.uk,Good
chennaisrilalitha.com,Good
masterfitautoservice.co.uk,Good
adelaidechildrensphysio.co.uk,Good
sanddscaffoldinghoddesdon.co.uk,Good
arptransport.co.uk,Good
hdkmarketing.com,Good
animal-farm.co.uk,Good
empresssecurity.co.uk,Good
alslocksmithfareham.co.uk,Bad
bellgreendentist.co.uk,Good
pcandapplemacrepairs.co.uk,Good
aba-control.co.uk,Good
barkersofcroydon.co.uk,Good
gamestream2u.com,Good
ajtelectrical.co.uk,Good
sho4travel.com,Bad
softleykitchens.co.uk,Good
locksmithsrus247.co.uk,Good
dellswindowcleaning.co.uk,Good
gbrodieandsonsroofingkent.co.uk,Good
oaksey-garage.co.uk,Good
goldboroughhouse.co.uk,Good
jerkyfridays.com,Good
nhtransportservices.com,Good
phdoubleglazingrepairsmedway.co.uk,Good
oiltanksuppliers.co.uk,Good
truth4tips.com,Good
philedwards.org.uk,Good
peculiarwidows.co.uk,Good
professionaltowbars.co.uk,Good
miltonkeyneslandscapes.com,Good
locksmithinlewisham.co.uk,Good
gandsmerseyside.co.uk,Good
crowleygardens.co.uk,Good
skinsensegpclinic.co.uk,Good
draincare-technology.co.uk,Good
markoverthrow.co.uk,Good
stripesmovers.co.uk,Good
vsbooks.co.uk,Good
completebuildservice.co.uk,Good
thesiamorchid.com,Good
ablecableelectricians.co.uk,Good
newhopenortheast.co.uk,Good
basecomputerrepairskent.co.uk,Good
vmdryliners.co.uk,Good
a1upandovergaragedoors.com,Good
houseproudstockport.co.uk,Good
helensusanmilne.co.uk,Good
easygardensgloucester.co.uk,Good
easyfixscaffoldingbirmingham.co.uk,Good
mandhfencing.co.uk,Good
handsworthcommunitynursery.co.uk,Good
kdmgarage.co.uk,Good
nuuhairandbeautylounge.co.uk,Bad
parkgaragesalford.co.uk,Good
berkeleyliffordhall.com,Good
maplefinefoodsltd.com,Good
rmroofingguildford.co.uk,Good
sarahscelebrationcakes.co.uk,Good
bolamcleaningservices.co.uk,Good
therapyinessex.co.uk,Good
morphakissteliosandco.co.uk,Good
expressductwork.com,Bad
alldubbedupevents.co.uk,Good
fibramarboats.com,Good
4-events.co.uk,Good
bcleanltd.co.uk,Good
acelineuk.com,Good
footscraysocialclub.co.uk,Good
licencetodrive.com,Good
weatherby-memorials.co.uk,Good
plumberandbuilderoxford.co.uk,Good
broxburnblackbeltacademy.co.uk,Good
welcomedrivingschool.co.uk,Good
bristolblinds.co.uk,Good
fredsworkshop.co.uk,Bad
mee-cha.com,Bad
dialglassltd.co.uk,Good
almondsburytreeservices.co.uk,Good
burrissonrecycling.co.uk,Good
scelectricalnuneaton.co.uk,Good
enterprisesheds-swansea.co.uk,Good
cottamstiles.co.uk,Good
elanremovals.co.uk,Good
daleedecoratorsharrow.co.uk,Good
andygodfreyelectrical.co.uk,Good
aphsplumbing.co.uk,Good
universalwatchservicing.co.uk,Good
mobiledjskentandlondon.co.uk,Good
dlhaynes.co.uk,Good
mstyresmacclesfield.co.uk,Good
mechanicwalsall.net,Good
thanettreeservices.co.uk,Good
logsandfirewooddevon.co.uk,Good
aelocksmithsbromley.co.uk,Good
garymartinroofing.co.uk,Good
paulsskipandgrabhire.com,Good
jmrubbishclearance.co.uk,Good
gmpilingservices.co.uk,Good
johncoxplumbing.co.uk,Good
ashfordcarrepairs.co.uk,Good
anrowlandtreesurgery.co.uk,Good
tmroofingandbuilding.co.uk,Good
ashleysofaylesburyremovals.co.uk,Good
dorsetwindowsandfascias.co.uk,Good
steelfabricatorsnorthampton.co.uk,Good
unicorntravelwrexham.co.uk,Good
styleupholsteryleicester.com,Good
rooferswrexham.com,Good
rooferwestlothian.co.uk,Good
communicar-kent.co.uk,Good
roofersdudley.co.uk,Good
taxi-witney.co.uk,Good
pmskips.co.uk,Good
glassandglazingashfordstaines.co.uk,Good
eliteroofers.co.uk,Good
homekarebuildingservicesltd.co.uk,Good
rawlingssurfacing.co.uk,Good
bathrooms-walsall.co.uk,Good
kitchens-walsall.co.uk,Good
albaroofing.co.uk,Good
wessexwindowrepairs.co.uk,Good
minidiggerhireharlow.co.uk,Good
autumnleaveslandscaping.co.uk,Good
carpetsupermarketwatford.co.uk,Good
armalocklocksmiths.co.uk,Good
berrybathrooms.com,Good
chirtonbuilding.co.uk,Good
contrastsoutheast.com,Good
doubleglazingrepairsayrshire.co.uk,Good
the-mechanical-man.co.uk,Good
amethyst-computers.co.uk,Good
adroofingspecialists.co.uk,Good
rightowork.co.uk,Good
hertfordshire-plastering.co.uk,Good
ascelectrics.com,Good
evanshairandbeauty.com,Good
stevelynhammotorcycles.co.uk,Good
crystalglazeandmaintenance.co.uk,Good
britaniamotshighwycombe.co.uk,Good
mastanton.co.uk,Good
hightechcleaningservices.co.uk,Good
doubleglazingnorthdevondns.co.uk,Good
porterroofing.co.uk,Good
removals-wiltshire.co.uk,Bad
hemisphereroofing.co.uk,Good
dsmotorsmk.co.uk,Good
wolverhampton-skips.co.uk,Good
wjcrighton.co.uk,Good
handfordconstruction.co.uk,Good
custom-joinery.com,Good
mrbuildingservicescardiff.co.uk,Good
ivanbramleys1.co.uk,Bad
quickresponseroofing.co.uk,Good
bath-woodwormanddryrot.co.uk,Good
rawlingsjoineryplymouth.co.uk,Good
a-b-roofing.co.uk,Good
smqualitypaintersnottingham.co.uk,Good
jacob-fencing.co.uk,Good
pjfandsons.co.uk,Good
ermevalleycomputers.co.uk,Good
ericbell-property.co.uk,Good
hamiltonrpm.co.uk,Good
dampproofing-dudley.co.uk,Good
sjppaving.net,Good
pavinglandscapingsurrey.co.uk,Good
professionalcarpetandupholsterycleaners.co.uk,Bad
paulkellyroofing.co.uk,Good
greystonesaggregates.co.uk,Good
dptarmacadam.com,Good
garydinshawplumbingandheating.co.uk,Good
phoenixlandscapesanddriveways.co.uk,Good
wyverngarageleicester.com,Good
autotestcentre.co.uk,Good
handdskiphireweymouth.co.uk,Good
amcfurniturerestoration.co.uk,Good
finchelectricalservices.co.uk,Good
bdolanautoelectrics.co.uk,Good
a-skip-4-u.co.uk,Good
sanddrivewaysdoncaster.co.uk,Good
fountainhouseconstruction.co.uk,Good
electraelectrical.co.uk,Good
crystalclearwindowsltd.co.uk,Good
ppg-accountants.co.uk,Good
edendental1.co.uk,Good
startransmissions.co.uk,Good
jm-simpsonandco.co.uk,Good
gordongardinerslaterandplasterer.co.uk,Good
rowley-ward.com,Good
elitedirectuk.com,Good
gpdavisandson.co.uk,Good
badgersofblackheath.co.uk,Good
jonsgardeningservices.co.uk,Bad
somersetdampproofing.com,Good
creativekitbedbath.co.uk,Good
propertymaintenancewm.co.uk,Good
noelparkdaycarecentre.co.uk,Good
stardust-cleaning.co.uk,Good
haroldjonesroofing.co.uk,Good
speedyautospares.co.uk,Good
dcandtesmith.co.uk,Good
roofersinoxford.co.uk,Good
anchortaxisminehead.co.uk,Good
fencing-walsallcannock.co.uk,Good
aclassjoinery.co.uk,Good
paulchannonconstruction.com,Good
jolecelectricalsupplies.co.uk,Bad
wilsons-wiring.co.uk,Good
cbtyres.co.uk,Good
westendwindowcleaners.co.uk,Good
cherrytreeservices.net,Good
nbautos.co.uk,Good
seventhsunbodypiercing.co.uk,Good
princeandsonhomeandgarden.co.uk,Good
princeandsoncleaningservices.co.uk,Good
pjsreupholsteryservices.co.uk,Good
applianceyate.co.uk,Good
evergreen-landscapes.com,Good
dcplasteringsolutions.co.uk,Good
mkmservices.co.uk,Good
domesticapplianceshighwycombe.com,Good
jbgardeningexmouth.co.uk,Good
denturespecialistspinner.co.uk,Good
rivieraheating.co.uk,Good
itsplumbin-grate.co.uk,Good
sealglaze.co.uk,Good
countydrivewaystamworth.co.uk,Good
charleswadey.com,Good
klgservices.co.uk,Good
pjbbuilding.com,Good
asbealeroofing.co.uk,Good
allroofingrepairs.co.uk,Bad
kestonlandscapes.co.uk,Good
coventrydecorators.com,Good
opcdrainservices.com,Good
dsacademy.co.uk,Good
willenhallgates.co.uk,Good
mossmaster.co.uk,Good
stonewalling.biz,Good
knoxscaffolding.co.uk,Good
philipnetherwoodbuilding.co.uk,Good
steveparsonsdecorating.co.uk,Good
mftaylor.co.uk,Good
timbarrettlandscapingsupplies.co.uk,Bad
lanarkshiretiling.co.uk,Good
acumenfinancialconsulting.co.uk,Good
randrcarpetsandflooring.co.uk,Good
skipsgreenwich.co.uk,Good
regencyroofing.com,Good
budge-it-skip-hire.com,Bad
ajmautocraft.co.uk,Good
boilermanltd.com,Good
sandbservices.co.uk,Good
southwestwindowmaintenance.co.uk,Good
dmebath.com,Good
tony-consiglio.co.uk,Good
lawsonsinternational.com,Good
autoshieldwindscreens.com,Good
sherbornefencingltd.co.uk,Good
spotonservice.net,Good
a1seecure.co.uk,Good
smartandtidy.co.uk,Good
doubleglazingtamworth.co.uk,Good
centralheatinglichfield.co.uk,Good
mmasonplumbingandheating.co.uk,Bad
localgassafeplumber.co.uk,Good
cappuccinotyres.co.uk,Good
d-k-automatics.co.uk,Good
timberleygardens.com,Good
ajfaccountantswoking.co.uk,Good
merrydaleplastics.co.uk,Good
builders-farnborough.com,Good
brunswickdentallabgreenford.co.uk,Good
apexaerialssouthern.co.uk,Bad
matthewsbuilders.net,Good
paullynchroofing.co.uk,Good
bproofersthanet.co.uk,Good
doverdentures.com,Good
kwillisbuildersessex.co.uk,Good
foxtonremovalslambeth.co.uk,Bad
jamremovals.co.uk,Good
ascohenroofing.co.uk,Bad
blackheathboilers.com,Good
stoswaldssocialclub.co.uk,Good
concreteinchelmsford.co.uk,Bad
concreteinenfield.co.uk,Bad
wnortonandsons.co.uk,Good
solicitornewmarket.co.uk,Bad
castlefencingbirmingham.co.uk,Good
amberskipsessex.co.uk,Good
electriciansinbrighton.com,Bad
grburrdecoratorsltd.co.uk,Good
ctskips.co.uk,Good
gasmark-1.co.uk,Good
autotintstintacar.co.uk,Bad
crowwindscreen.co.uk,Good
swanvetsinaberdeen.co.uk,Bad
avilafoods.co.uk,Bad
techmotuition.com,Good
logiktech.net,Good
jacksstoveinstaller.co.uk,Good
